{"cameraMode":{"drawMode":0,"name":"Shaded","section":"Shading Mode"},"sceneLighting":true,"audioPlay":false,"sceneViewState":{"m_AlwaysRefresh":false,"showFog":true,"showSkybox":true,"showFlares":true,"showImageEffects":true,"showParticleSystems":true,"showVisualEffectGraphs":true,"m_FxEnabled":true},"in2DMode":false,"pivot":{"x":-0.017221760004758836,"y":1.3803354501724244,"z":0.018512334674596788},"rotation":{"x":0.10324902832508087,"y":0.7161168456077576,"z":-0.1084575280547142,"w":0.6817271113395691},"size":0.2743566036224365,"orthographic":false}