{"cameraMode":{"drawMode":0,"name":"Shaded","section":"Shading Mode"},"sceneLighting":false,"audioPlay":false,"sceneViewState":{"m_AlwaysRefresh":false,"showFog":false,"showSkybox":false,"showFlares":false,"showImageEffects":false,"showParticleSystems":false,"showVisualEffectGraphs":true,"m_FxEnabled":true},"in2DMode":false,"pivot":{"x":-0.0630570650100708,"y":0.9756208062171936,"z":-0.28453946113586428},"rotation":{"x":0.06759360432624817,"y":0.8544427752494812,"z":-0.11501973122358322,"w":0.5021269917488098},"size":0.9165483117103577,"orthographic":false}